{
    "msg": "",
    "status": "0",
    "error_code": "0",
    "data": {
        "info": {
            "status": "1",
            "com": "shentong",
            "state": "3",
            "context": [{
                "time": "1508213573",
                "desc": "\u6d77\u6d0b\u6613\u8d2d-\u5df2\u7b7e\u6536"
            }, {
                "time": "1508208640",
                "desc": "\u6e56\u5357\u957f\u6c99\u9752\u5c71\u5206\u90e8-\u989c\u5c0f\u9f99-\u6d3e\u4ef6\u4e2d"
            }, {
                "time": "1508145562",
                "desc": "\u6e56\u5357\u957f\u6c99\u9752\u5c71\u5206\u90e8-\u9752\u5c71\u5206\u90e8-\u6d3e\u4ef6\u4e2d"
            }, {
                "time": "1508135147",
                "desc": "\u5df2\u5230\u8fbe-\u6e56\u5357\u957f\u6c99\u9752\u5c71\u5206\u90e8"
            }, {
                "time": "1508131507",
                "desc": "\u6e56\u5357\u957f\u6c99\u5cb3\u9e93\u516c\u53f8-\u5df2\u53d1\u5f80-\u6e56\u5357\u957f\u6c99\u9752\u5c71\u5206\u90e8"
            }, {
                "time": "1508120814",
                "desc": "\u6e56\u5357\u957f\u6c99\u4e2d\u8f6c\u90e8-\u5df2\u53d1\u5f80-\u6e56\u5357\u957f\u6c99\u5cb3\u9e93\u516c\u53f8"
            }, {
                "time": "1508006403",
                "desc": "\u5b89\u5fbd\u5408\u80a5\u822a\u7a7a\u90e8-\u5df2\u88c5\u888b\u53d1\u5f80-\u6e56\u5357\u957f\u6c99\u4e2d\u8f6c\u90e8"
            }, {
                "time": "1507986479",
                "desc": "\u5b89\u5fbd\u829c\u6e56\u4e2d\u8f6c\u90e8-\u5df2\u88c5\u888b\u53d1\u5f80-\u5b89\u5fbd\u5408\u80a5\u4e2d\u8f6c\u90e8"
            }, {
                "time": "1507980639",
                "desc": "\u5b89\u5fbd\u5ba3\u57ce\u516c\u53f8-\u5df2\u53d1\u5f80-\u5b89\u5fbd\u829c\u6e56\u4e2d\u8f6c\u90e8"
            }, {
                "time": "1507980639",
                "desc": "\u5b89\u5fbd\u5ba3\u57ce\u516c\u53f8-\u5df2\u8fdb\u884c\u88c5\u888b\u626b\u63cf"
            }, {
                "time": "1507976796",
                "desc": "\u5b89\u5fbd\u5ba3\u57ce\u516c\u53f8-\u516c\u53f8-\u5df2\u6536\u4ef6"
            }],
            "_source_com": "shentong",
            "_support_from": "partner"
        },
        "com": "shentong",
        "company": {
            "url": "http:\/\/www.sto.cn?from=openv",
            "fullname": "\u7533\u901a\u5feb\u9012",
            "shortname": "\u7533\u901a",
            "icon": {
                "id": "15",
                "smallurl": "https:\/\/ss2.baidu.com\/6ONYsjip0QIZ8tyhnq\/it\/u=1807529516,3291075151&fm=58",
                "smallpos": "0,16",
                "middleurl": "https:\/\/ss1.baidu.com\/6ONXsjip0QIZ8tyhnq\/it\/u=1835223070,3312272045&fm=58",
                "middlepos": "0,1008",
                "normal": "https:\/\/ss0.baidu.com\/6ONWsjip0QIZ8tyhnq\/it\/u=3696414240,752471806&fm=58"
            },
            "website": {
                "title": "www.sto.cn",
                "url": "http:\/\/www.sto.cn"
            },
            "tel": "95543",
            "auxiliary": [{
                "title": "\u7f51\u70b9\u67e5\u8be2",
                "url": "http:\/\/www.sto.cn\/Service\/Site"
            }, {
                "title": "\u7f51\u4e0a\u5bc4\u4ef6",
                "url": "http:\/\/sto.cn\/Service\/Order"
            }],
            "timecost": {
                "btn_show": "1"
            },
            "onlineorder": {
                "btn_show": "1",
                "url": "http:\/\/q1.sto.cn\/directorder\/add"
            }
        },
        "source": {
            "logo": "https:\/\/ss2.baidu.com\/6ONYsjip0QIZ8tyhnq\/it\/u=3786249131,2927842038&fm=58",
            "title": "\u6570\u636e\u6765\u81ea\u7533\u901a\u5feb\u9012",
            "url": "http:\/\/www.sto.cn\/?from=baidu_ala",
            "name": "\u7533\u901a\u5feb\u9012",
            "showName": "\u6570\u636e\u6765\u6e90\uff1a\u7533\u901a\u5feb\u9012"
        },
        "kuaidiSource": {
            "logo": "https:\/\/ss2.baidu.com\/6ONYsjip0QIZ8tyhnq\/it\/u=1429564979,1787167512&fm=58",
            "title": "\u6570\u636e\u6765\u81ea\u5feb\u9012100",
            "url": "http:\/\/www.kuaidi100.com\/?from=baidu_ala",
            "name": "\u5feb\u9012100",
            "showName": "\u5feb\u9012100"
        }
    }
}
